{"accuracy": [0.6351110935211182, 0.7506666779518127, 0.7924444675445557, 0.8189333081245422], "loss": [0.654749870300293, 0.509488046169281, 0.4440206289291382, 0.4011898934841156], "val_accuracy": [0.7319999933242798, 0.77920001745224, 0.798799991607666, 0.8083999752998352], "val_loss": [0.545881986618042, 0.4668838381767273, 0.43766069412231445, 0.4180338382720947]}