{"accuracy": [0.5798588395118713, 0.6587764620780945, 0.6831529140472412, 0.697458803653717, 0.7134588360786438, 0.7187294363975525, 0.7224470376968384, 0.7252705693244934, 0.7379294037818909, 0.7384470701217651, 0.7394353151321411, 0.7501176595687866, 0.7567529678344727, 0.7601882219314575, 0.756847083568573, 0.7627294063568115, 0.7697882056236267, 0.7621647119522095, 0.7824470400810242, 0.7825882434844971, 0.7802823781967163, 0.7903058528900146, 0.7899764776229858, 0.8015058636665344], "loss": [0.6789401769638062, 0.6162407398223877, 0.5925967693328857, 0.5777847170829773, 0.5576116442680359, 0.5486143827438354, 0.5412696003913879, 0.539631187915802, 0.5245444178581238, 0.5190141797065735, 0.5202909708023071, 0.5070168972015381, 0.496985524892807, 0.49038639664649963, 0.502790629863739, 0.48551028966903687, 0.47670239210128784, 0.48329922556877136, 0.4612765312194824, 0.45421940088272095, 0.45771005749702454, 0.44553056359291077, 0.44332894682884216, 0.432789146900177], "val_accuracy": [0.5368000268936157, 0.6018666625022888, 0.725600004196167, 0.7349333167076111, 0.6570666432380676, 0.7447999715805054, 0.6546666622161865, 0.744533360004425, 0.7746666669845581, 0.7232000231742859, 0.7351999878883362, 0.7826666831970215, 0.7837333083152771, 0.5992000102996826, 0.7269333600997925, 0.7983999848365784, 0.6810666918754578, 0.7773333191871643, 0.8122666478157043, 0.7642666697502136, 0.8199999928474426, 0.8248000144958496, 0.8045333623886108, 0.8165333271026611], "val_loss": [0.8028283715248108, 0.6760865449905396, 0.5492714047431946, 0.5281997919082642, 0.6324032545089722, 0.5151631236076355, 0.6754434704780579, 0.5141998529434204, 0.4683501124382019, 0.5547232031822205, 0.5383747816085815, 0.45426809787750244, 0.45581626892089844, 0.9983134269714355, 0.5713775753974915, 0.43379929661750793, 0.607280969619751, 0.46067097783088684, 0.4070197641849518, 0.4786510467529297, 0.39658960700035095, 0.3804626762866974, 0.42399293184280396, 0.39772212505340576]}